{"training_losses": [0.1530230145191387, 0.08708776019659381, 0.04895045493692949, 0.028582398681742345, 0.020278117038115342], "validation_losses": [0.1352579819060169, 0.12935403065401402, 0.1459726746200081, 0.1816703185704629, 0.19271536885085294], "training_time": "0:44:01"}